anchor_id	kind	start	end	checksum	context_pre	context_post	prev_id	next_id	parent_heading	attributes_json
p000001	p	0	12	fd302416c91c9f5ef48ad90f8567d441cfe391ca6575ae1d191fd2a953ed4189	e3b0c44298fc1c149afbf4c8996fb92427ae41e4649b934ca495991b7852b855	84d8ec41dc049edf891e94e1a3b0b2c59cefe5b165a6443a337bb998fa1f0e3e		s000001		{}
s000001	s	0	12	fd302416c91c9f5ef48ad90f8567d441cfe391ca6575ae1d191fd2a953ed4189	e3b0c44298fc1c149afbf4c8996fb92427ae41e4649b934ca495991b7852b855	84d8ec41dc049edf891e94e1a3b0b2c59cefe5b165a6443a337bb998fa1f0e3e	p000001	p000002		{}
p000002	h	13	48	f30d0c7a8834d0c48b47629b2a322eb83abaf781939a9e4ee184e7e13ba8a06a	d3cee07c92e1c6941ccb0e5fc560e2e4ab7d9ad1f9b1709a145136f48d8ff54b	58230e565ea1e269a9286e19e01fc173d5615f185e08db7a4adedcad9cdad226	s000001	s000002		{}
s000002	s	13	48	f30d0c7a8834d0c48b47629b2a322eb83abaf781939a9e4ee184e7e13ba8a06a	d3cee07c92e1c6941ccb0e5fc560e2e4ab7d9ad1f9b1709a145136f48d8ff54b	58230e565ea1e269a9286e19e01fc173d5615f185e08db7a4adedcad9cdad226	p000002	p000003	p000002	{}
p000003	p	49	291	cf9e3affbfb3312b3347f8b12fba6e277e800ccd820d8fe637ac2d24cc0f8486	97c01800e76d04e511a44778d2c0a4c291814699fdb96fb0875478d207ad805f	9986c3274717d79f87ab3f83bddab7658450f2c351f8ff912f3084c958b630db	s000002	s000003	p000002	{}
s000003	s	49	291	cf9e3affbfb3312b3347f8b12fba6e277e800ccd820d8fe637ac2d24cc0f8486	97c01800e76d04e511a44778d2c0a4c291814699fdb96fb0875478d207ad805f	9986c3274717d79f87ab3f83bddab7658450f2c351f8ff912f3084c958b630db	p000003	p000004	p000002	{}
p000004	h	292	301	b52140d20b9a9f19f1f43f197d51e6387a9fc0455c11079c2beb179119c179e2	52497353f1b8af94ae59419552f862b7d7cd8088ee4189361a4430bc1f8267a8	d9618418e9816b55f66d0a0a2d542cf2d0e2037372201879ed88454f58201353	s000003	s000004		{}
s000004	s	292	301	b52140d20b9a9f19f1f43f197d51e6387a9fc0455c11079c2beb179119c179e2	52497353f1b8af94ae59419552f862b7d7cd8088ee4189361a4430bc1f8267a8	d9618418e9816b55f66d0a0a2d542cf2d0e2037372201879ed88454f58201353	p000004	p000005	p000004	{}
p000005	p	302	570	b0577beb03bfdd080551e0831b601356c25dba08c629bde452eba48ad3b6287d	a879c9d3bf327c6769e9b4ead98d933656484f8cc018f49e674358ba6e197998	d159b2e76df76bb1c2f4642f48c85ad14ad890a36d0512b773bd4e2404071257	s000004	s000005	p000004	{}
s000005	s	302	304	e53657178cb6855ac4b2029197a64b0ce6af712b69433254ae18be74d224f991	a879c9d3bf327c6769e9b4ead98d933656484f8cc018f49e674358ba6e197998	9eba92830b1a756adf822b0342ee8777d6af010b9ee553b7c49d59af9498405f	p000005	s000006	p000004	{}
s000006	s	308	570	b22dc86242e84c1c942273572bd1a515fc6d9a3734747c41be03fef4dc820153	0461306ef5ebe3c8172bd724841f30cd2f018be516afd7c71e9e889acdbd72de	d159b2e76df76bb1c2f4642f48c85ad14ad890a36d0512b773bd4e2404071257	s000005	p000006	p000004	{}
p000006	p	571	670	42be429d43695bae717d53d82dfb17d43df92900c6bc1d4cb34ead31cf7446dd	89bd8ced48573b61b8cb04fd1302001acba96161e83af2340f1a9d58dae51045	4ceb4a2759cc51e9a5680255ab4bdd842fc7d0c762d439c5e51ed71312dbf03d	s000006	s000007	p000004	{}
s000007	s	571	573	be651d5a8e97690fbb1fafd9b89ea7bb5458b27b1d24a449c67ca762317ac1df	89bd8ced48573b61b8cb04fd1302001acba96161e83af2340f1a9d58dae51045	52d0b8c1544291cda4f755cbaebfc68850f4035e5764768ba86e50cd619bc8f9	p000006	s000008	p000004	{}
s000008	s	577	670	12aac9ce50989c0f736eeeb710773f6a94c8090c5d560ef5dd532be176657eac	ce557bad9093da96f053d89440773c98f65218c2ed85887feb7d01d9478af5fb	4ceb4a2759cc51e9a5680255ab4bdd842fc7d0c762d439c5e51ed71312dbf03d	s000007	p000007	p000004	{}
p000007	p	671	875	d9258d7a7703cac68adb75f186cd08e3356deea6c6811b13107265e68dff8dc4	42d33220608e50ce1168f290ec3e5bb9f01264020f3a1ad0b9190c1131114393	005452fde406d1b32f0428ae6b2ac80c2b3d38ff6de2066ac19dea64c4138766	s000008	s000009	p000004	{}
s000009	s	671	875	d9258d7a7703cac68adb75f186cd08e3356deea6c6811b13107265e68dff8dc4	42d33220608e50ce1168f290ec3e5bb9f01264020f3a1ad0b9190c1131114393	005452fde406d1b32f0428ae6b2ac80c2b3d38ff6de2066ac19dea64c4138766	p000007	p000008	p000004	{}
p000008	h	876	901	71ac9a51b96a58147a6c170771ad13ec3492f2f3338fdad7578fc6701cc62438	cd5b6d9c8cadfa42f9cd9448de06e69a109c40e03444e21a14eac9870249887b	66feaf99d475ef6c8f8bdb9439c13f67530afe62bef56f7947f639aefc34e802	s000009	s000010		{}
s000010	s	876	901	71ac9a51b96a58147a6c170771ad13ec3492f2f3338fdad7578fc6701cc62438	cd5b6d9c8cadfa42f9cd9448de06e69a109c40e03444e21a14eac9870249887b	66feaf99d475ef6c8f8bdb9439c13f67530afe62bef56f7947f639aefc34e802	p000008	p000009	p000008	{}
p000009	h	902	1318	0d1a172db4ecf7328ef80d4ea6d6b41ce138f23b903c93caa73ded6d21ab2508	c9667d80e3da78e30756c000be9067f8e6f31597ea6f9efe46abee6aedad530e	c13c233108ca3710feaa85d6075bd92296c2c576c6792a94a5e4da601bdda8e5	s000010	s000011		{}
s000011	s	902	932	6c2ba45cd9344c3e43ff29b4505f77c2d8f199215cc7c092baf6ac568b1cc13c	c9667d80e3da78e30756c000be9067f8e6f31597ea6f9efe46abee6aedad530e	b57a15fb62e099e7ce4d33a5ae0fe53c7692e5b5f89b0def37bf83202993627a	p000009	s000012	p000009	{}
s000012	s	933	1101	daeaddf213e3221ae61a02783a2516fa044150a8a36d7a547ef22ffdc47ac19b	dac7c75a3c175e415c61c868b1282195c22b0f98000d6dcfaf32b4c92efd19b3	875cd502ffc855557bed5a1cef01d32b672d687e2c224c401ca30f48267d7e87	s000011	s000013	p000009	{}
s000013	s	1102	1318	615d9f9f3f7e6b657b15a13b8100a497bcf9905dac495b90871d0638a9a41c7e	7da4e70058cb6f194dce857040677c260be26f61bca0e1dbe215e0f03e1c194d	c13c233108ca3710feaa85d6075bd92296c2c576c6792a94a5e4da601bdda8e5	s000012	p000010	p000009	{}
p000010	h	1319	1373	e64a82227b105cbf95d397c7c14602342244c449829b5d1d67d4a9f68dc2cc9e	e26ee9e6e02f9de4519a40e1c658cecae18be21dd2be6f3c53583287d232e751	105f7cff1ddf89f82cdc2bff6e45209ba1e9ef83ef6fc7994fd09a158646e4e8	s000013	s000014		{}
s000014	s	1319	1373	e64a82227b105cbf95d397c7c14602342244c449829b5d1d67d4a9f68dc2cc9e	e26ee9e6e02f9de4519a40e1c658cecae18be21dd2be6f3c53583287d232e751	105f7cff1ddf89f82cdc2bff6e45209ba1e9ef83ef6fc7994fd09a158646e4e8	p000010	p000011	p000010	{}
p000011	h	1374	1537	2c60a4f315b68f66c5a4308b26c2e7c23042cd7fa09a7362467777ca203d1037	c28ebb4be0ec91e964bda8a6c5bf1859743cb56a51f8340181a54d341adbbbd4	8e2f57c73a5f09465dff04b048d6b7922398c5b5e6d8856ba02049582946a0da	s000014	s000015		{}
s000015	s	1374	1537	2c60a4f315b68f66c5a4308b26c2e7c23042cd7fa09a7362467777ca203d1037	c28ebb4be0ec91e964bda8a6c5bf1859743cb56a51f8340181a54d341adbbbd4	8e2f57c73a5f09465dff04b048d6b7922398c5b5e6d8856ba02049582946a0da	p000011	p000012	p000011	{}
p000012	p	1538	1990	e8ad21eb301eeef8e100a031510703a9601a4974738a9a1fee2ea89793471ea3	e63a3ae386e76e94535e6b72a33a60dd9c9832134b297fc58867f748ca627f40	4c6ab7dda96f55759a499b8a8dc6f512f2b58c6a13e21184744cf041079c7703	s000015	s000016	p000011	{}
s000016	s	1538	1989	d03cb1d757251a8e49af5169ea2683f6d971eb8705d0d3a8b37ae3ac9d4b18df	e63a3ae386e76e94535e6b72a33a60dd9c9832134b297fc58867f748ca627f40	09700b02062600baa3e0a96fa0cae79ca602b7f02a1f7b974f47e1691db92e87	p000012	s000017	p000011	{}
s000017	s	1989	1990	4b6b1bf3818d4e6c9c4358f2232f37dda97af9f651937ebc08864b2739fe29d9	4d726144e0df3b8cdc0b4a735ec6de5d027e375d1222968b97873c757c0c233c	4c6ab7dda96f55759a499b8a8dc6f512f2b58c6a13e21184744cf041079c7703	s000016	p000013	p000011	{}
p000013	h	1991	2118	4542f1261604244b9dcaa633b2e1052da3a59799ec60bfe1ec65527b921d8a24	dd053f54415499a653ae666704469c8d2b03273f6b9dc636bd252d2e5d0fa15c	7475853b819c07f208150f3c6ff4276c70a06590a6259dac1ca7df3d617fc9a6	s000017	s000018		{}
s000018	s	1991	2118	4542f1261604244b9dcaa633b2e1052da3a59799ec60bfe1ec65527b921d8a24	dd053f54415499a653ae666704469c8d2b03273f6b9dc636bd252d2e5d0fa15c	7475853b819c07f208150f3c6ff4276c70a06590a6259dac1ca7df3d617fc9a6	p000013	p000014	p000013	{}
p000014	p	2119	2163	9c5e1cbef5594ca7a5313e3f84ec2dfa2c798a651e9fa4a669cb1d3adea9487d	0f237c0aff0d5622dc4a17529e172ccc2653bfbb0a281f12a4fd32e29f16460a	4a135a3d510d17e5b777d7a3a66d9a4d15278356413ae13bce76a2b38c544f16	s000018	s000019	p000013	{}
s000019	s	2119	2163	9c5e1cbef5594ca7a5313e3f84ec2dfa2c798a651e9fa4a669cb1d3adea9487d	0f237c0aff0d5622dc4a17529e172ccc2653bfbb0a281f12a4fd32e29f16460a	4a135a3d510d17e5b777d7a3a66d9a4d15278356413ae13bce76a2b38c544f16	p000014	p000015	p000013	{}
p000015	p	2164	2729	46fcf0e77e074840c07715a7f849be55c171859ecf6f32a0d557d8045c7178f4	a5d134f11e23f8d460fd91840b17f050e1510941468d0ab7661029772fcc564b	4b04ea28fbf5465c863f17af55c2cee74b4a53c7041ad6855272b7b08cce7255	s000019	s000020	p000013	{}
s000020	s	2164	2728	d8c4f9e23225c45ddaa6929f753a3d8b8a5364b3ddee079f6b0daff5b6364cf5	a5d134f11e23f8d460fd91840b17f050e1510941468d0ab7661029772fcc564b	e271e0b5a8131a3560473b877f8ce3e72dd1db1a5904bf980cbe6340e31401ec	p000015	s000021	p000013	{}
s000021	s	2728	2729	4b6b1bf3818d4e6c9c4358f2232f37dda97af9f651937ebc08864b2739fe29d9	04d891d8b8fdf5b78560dccf1c68752adbde640c482472a614368b3551e825ae	4b04ea28fbf5465c863f17af55c2cee74b4a53c7041ad6855272b7b08cce7255	s000020	p000016	p000013	{}
p000016	h	2730	2857	1d7ef4c00dd45f3801f36082a37ccbd1c89337f66c895c8464313cdf4818fcb3	84f199d4d11650b03e4f28ffbecc57d55c2f3ce3dfd880b83282e80496ee66c5	608400be1ef0772c7711fc53982924d4cf458dc0c935c4061329bb5fad576700	s000021	s000022		{}
s000022	s	2730	2857	1d7ef4c00dd45f3801f36082a37ccbd1c89337f66c895c8464313cdf4818fcb3	84f199d4d11650b03e4f28ffbecc57d55c2f3ce3dfd880b83282e80496ee66c5	608400be1ef0772c7711fc53982924d4cf458dc0c935c4061329bb5fad576700	p000016	p000017	p000016	{}
p000017	p	2858	3233	a26e5d1229f8c091b8badf08e28b32997fbbfa459f258ac6e4ca9895ccfbb521	27496ceb463285addd15bf53ff91087f30a3e78de975b1f93e8dd56e1331a540	071d4a3bdf44d6788d4a1e0638c369c5a35eb360e6a56889d8bab65fdb2a8d1d	s000022	s000023	p000016	{}
s000023	s	2858	3232	f09998de48fd3d3445fb91a18d833924938ebb547b6f42c54f1dc24e5ac47ff3	27496ceb463285addd15bf53ff91087f30a3e78de975b1f93e8dd56e1331a540	a3e9f20c5d079576d43f4e9a7c742fc6b5b9a1c9b13c0074147094b4c8310166	p000017	s000024	p000016	{}
s000024	s	3232	3233	4b6b1bf3818d4e6c9c4358f2232f37dda97af9f651937ebc08864b2739fe29d9	1b2c07854e39dec390f556ab66e5c17d19a7478e75d1afaa4e22373584dd2536	071d4a3bdf44d6788d4a1e0638c369c5a35eb360e6a56889d8bab65fdb2a8d1d	s000023	p000018	p000016	{}
p000018	h	3234	3365	84034189b896e1877ce69eb03ce8c72c500cbba83e018cabc771ef58d1b5bb79	e9743c2e44487be0263259ad18d14fb2d66bf67acb3cef2cc743e1e340d98d96	3a658f9927d2dbc39c8a0e9f0a6c3c355fd87feb760e63ccff1f6273ec412794	s000024	s000025		{}
s000025	s	3234	3365	84034189b896e1877ce69eb03ce8c72c500cbba83e018cabc771ef58d1b5bb79	e9743c2e44487be0263259ad18d14fb2d66bf67acb3cef2cc743e1e340d98d96	3a658f9927d2dbc39c8a0e9f0a6c3c355fd87feb760e63ccff1f6273ec412794	p000018	p000019	p000018	{}
p000019	p	3366	3885	d7621b7009e014a238cf313288431a94511be9fb2befdf7ddbfc9e3f46e4dfcf	27496ceb463285addd15bf53ff91087f30a3e78de975b1f93e8dd56e1331a540	1b8e85e9cee320f16a2eef5efd50516e4d893b8039b18bf6e5f4811827cdbe26	s000025	s000026	p000018	{}
s000026	s	3366	3885	d7621b7009e014a238cf313288431a94511be9fb2befdf7ddbfc9e3f46e4dfcf	27496ceb463285addd15bf53ff91087f30a3e78de975b1f93e8dd56e1331a540	1b8e85e9cee320f16a2eef5efd50516e4d893b8039b18bf6e5f4811827cdbe26	p000019	p000020	p000018	{}
p000020	h	3886	3915	0f712a672b8b66b93d150bce011e5907987246fa7b0f1911c0fd83a18f9cfb7e	fa13c273aebe17f9c8de049b37fbaf7672a8fb09b76cb32a4aa3562a2d382180	270cf627b748a069c45f15bdc7bb8961432a0bbd184e578d83cdf4506a37fd3b	s000026	s000027		{}
s000027	s	3886	3915	0f712a672b8b66b93d150bce011e5907987246fa7b0f1911c0fd83a18f9cfb7e	fa13c273aebe17f9c8de049b37fbaf7672a8fb09b76cb32a4aa3562a2d382180	270cf627b748a069c45f15bdc7bb8961432a0bbd184e578d83cdf4506a37fd3b	p000020	p000021	p000020	{}
p000021	h	3916	4855	520a40aeabf34e0e7111b464880ccfb005aada6949e0773da1c1f3cfa97b56cb	fa1c3f4f1c084c668d0bb6cc2dc498325d14741adb6a3817813a887b41ac5b28	0812ccfd52f850b3dc90e6192f77b599f371d0693eabf281cdb1979ede211d12	s000027	s000028		{}
s000028	s	3916	3926	b3c491cd9c7fec9493d1a83d63f4f25c1544f1bf66e5a98d5b1420575b721cf3	fa1c3f4f1c084c668d0bb6cc2dc498325d14741adb6a3817813a887b41ac5b28	b927c96e3f1599bdb640174dc4df375170f529b34a20dfdd2080e81e9eb2fde9	p000021	s000029	p000021	{}
s000029	s	3927	3960	2ded163037cb1aac1729f651b312d26493ffebcf413d1f96022eb5c63ee2a281	600be089de76c237ea49e379d2aa1ac90d66b49d328500bd0cb65d8270ef44c6	d0b481d03176b01251bd7495f7296724c106c5a8debba118f61d27ae3d6f430e	s000028	s000030	p000021	{}
s000030	s	3961	4377	691ef429c538db6be3088e976b259d569c8ebb366bc114c98f7b3249d2c461c1	d29f893ba2d9c3fac91463d99bdbd7854bc74eb18669147062a4fb12461ae2df	d22bafc6e8c2cde2ed0588c655ff64f8f1cae583f6d74f1b300b58687475474a	s000029	s000031	p000021	{}
s000031	s	4378	4619	4b8492f45192174afa0fb22756623a9102d15c3d1936d320d8a6a12b114d2d39	e488f86966179630632f96a19aa89b2d73910451a9ea30f2fb95ac9a714a7d40	6832746fa5de60b056ff0fdd496110b378db5caf67e62ccd61abee6f252e64e5	s000030	s000032	p000021	{}
s000032	s	4620	4855	3c1bf99fbc948f889c3c1c1ac18be476663d255c6c1f2f6abab148a6176b03bf	a62c80ae417de69433356373f73781197e1991e15a54b8fcaa7efa33595c730e	0812ccfd52f850b3dc90e6192f77b599f371d0693eabf281cdb1979ede211d12	s000031	p000022	p000021	{}
p000022	h	4856	5120	01ee11b7d86d07a4bf1459619d045f23124236298e21fbffc7379d74c6d2375b	6df8a19028b728f67421706891c060f8c6599dba79e2cbd89ccfd649a0fdfed4	353ea006fefe003053f36ea72d534f2b5a64219d0f5348e32fd47bc68c20ce57	s000032	s000033		{}
s000033	s	4856	4921	56db22ba406aaaeaf33ffb3b1f3e42a1d5d66c5dff5ddcbbf51b4cca4f122cc4	6df8a19028b728f67421706891c060f8c6599dba79e2cbd89ccfd649a0fdfed4	3a0662654759ec17726e28b490e4f0d5b9744ec882fcc518f6bc31296d83b101	p000022	s000034	p000022	{}
s000034	s	4922	5120	bce3076e1d8acca5df950c42ec59a95118ca6558229c734b72d82c2d862bc066	00704b9a0c8dc599ebe2afda40a140b729ca231863f445429246e3d7c5f55899	353ea006fefe003053f36ea72d534f2b5a64219d0f5348e32fd47bc68c20ce57	s000033	p000023	p000022	{}
p000023	p	5121	5165	80454614e9646a2edac734610935eac565212e071650173dae2be6ff8bf167cd	07ce92b3c7c36ae799f2e9709a721002f247c4ad3b9d21bb063f9eb2725edffc	95c6242a65b2028251dab412c3b879e14c02e1335d655dc39400c2a926459336	s000034	s000035	p000022	{}
s000035	s	5121	5165	80454614e9646a2edac734610935eac565212e071650173dae2be6ff8bf167cd	07ce92b3c7c36ae799f2e9709a721002f247c4ad3b9d21bb063f9eb2725edffc	95c6242a65b2028251dab412c3b879e14c02e1335d655dc39400c2a926459336	p000023	p000024	p000022	{}
p000024	p	5166	5657	4471985ac9960bc809b7e0c0c4d066149be99be9e227dd6de2c9fae5a173f6ea	a9b13833d9792a5d1aae371b98ea5ee3f348be8538e1458c80b1383d9032c5e8	e2dc817401ec63f8371f980defbb774aa326a998fec62a41225d18387514dcc7	s000035	s000036	p000022	{}
s000036	s	5166	5657	4471985ac9960bc809b7e0c0c4d066149be99be9e227dd6de2c9fae5a173f6ea	a9b13833d9792a5d1aae371b98ea5ee3f348be8538e1458c80b1383d9032c5e8	e2dc817401ec63f8371f980defbb774aa326a998fec62a41225d18387514dcc7	p000024	p000025	p000022	{}
p000025	h	5658	5693	4d2351a483d544c16542e67ce4209a31dc6f2919251f687edd8fe2609ad84830	16166d429cdbc7d53da4aaad1a181064c630d54fc8d16a50561171ccca5c90fc	763316059ff36db6dc60a0606ecae04b43ea933bdd5df4839e391a6adaac74ca	s000036	s000037		{}
s000037	s	5658	5693	4d2351a483d544c16542e67ce4209a31dc6f2919251f687edd8fe2609ad84830	16166d429cdbc7d53da4aaad1a181064c630d54fc8d16a50561171ccca5c90fc	763316059ff36db6dc60a0606ecae04b43ea933bdd5df4839e391a6adaac74ca	p000025	p000026	p000025	{}
p000026	h	5694	5839	fad6f40f6042ce66a18d3946e79d76bebec3ca0b8386e5ec3352edf5d1ba2494	378eb292bb080d0e4056c94c970f4db50c04c27face34b192deaf75f0a55a621	b1c79823d06e9837d702bacf4963cd7ff84721fd6e67874daa8ff6e72750bee0	s000037	s000038		{}
s000038	s	5694	5733	8750ec5238a13094afe11e7d0feef32bf12703a1c51a65aee5e0ded522796505	378eb292bb080d0e4056c94c970f4db50c04c27face34b192deaf75f0a55a621	2688de92b53b6e3d39113b2439997eca7fcafcaee338ac3e688c87d9bd4f30fc	p000026	s000039	p000026	{}
s000039	s	5734	5839	1b775a81747dd1757e60606229f71ab6295b81979f7426928c45d91c3e79d849	914fa02db83f111d1a5c945d5244559eaa743092fe0d3bbd71871db0c6526100	b1c79823d06e9837d702bacf4963cd7ff84721fd6e67874daa8ff6e72750bee0	s000038	p000027	p000026	{}
p000027	h	5840	5907	30214f45f027fea53799728942e55e300b726c878421407b72f2a70ae371b43e	fe737a7dbcf700f243d9791bd8ac0dd8a6e6757c697790a8123be6a2d221a760	275b9bca2a039e65bf5153713e145ed374403193cf9cfeb528b5ecac5fc434ff	s000039	s000040		{}
s000040	s	5840	5879	9070941acdab56104249b557dd1929fefd36874a23831c9b1b589bb89150ebe3	fe737a7dbcf700f243d9791bd8ac0dd8a6e6757c697790a8123be6a2d221a760	45e56a9c5f7323b46d378332668ec0a888f85986bbc181da87398474bb3b53c2	p000027	s000041	p000027	{}
s000041	s	5880	5907	ba81517e156b9c2b04d2c38d1c7d2f82cfb129fd794830d57dcf896ca0feacae	f968a2eb61e18cfcb9a7269b7cf278a11d1e9ebd8e83016dea3cf4a527f9a735	275b9bca2a039e65bf5153713e145ed374403193cf9cfeb528b5ecac5fc434ff	s000040	p000028	p000027	{}
p000028	p	5908	5964	8b30a10dc7a1805fe8d71d0cc1b4944b5383274bdf6399ad4b99b62bd9cf3b27	8e53cc4b01667fa1f4be392a4d1e84561172acec29d28a6ba57b3bbc4e171417	795c446ab88c74c32296b68602428b8eaa6201484f1e22128c1e0d2a87db8e69	s000041	s000042	p000027	{}
s000042	s	5908	5964	8b30a10dc7a1805fe8d71d0cc1b4944b5383274bdf6399ad4b99b62bd9cf3b27	8e53cc4b01667fa1f4be392a4d1e84561172acec29d28a6ba57b3bbc4e171417	795c446ab88c74c32296b68602428b8eaa6201484f1e22128c1e0d2a87db8e69	p000028	p000029	p000027	{}
p000029	p	5965	6044	4f614055836f889f8c844530646263d92cb05b5f67629834f4a4815e191e9063	b57323c6f9f0309cb5e2ed557953071428fe93bf4f364403ba89bc6ff307e504	f12711cff8b8103185c52e14b81f6f8ead19a55c96b13928bd8a9e895a3fa382	s000042	s000043	p000027	{}
s000043	s	5965	6044	4f614055836f889f8c844530646263d92cb05b5f67629834f4a4815e191e9063	b57323c6f9f0309cb5e2ed557953071428fe93bf4f364403ba89bc6ff307e504	f12711cff8b8103185c52e14b81f6f8ead19a55c96b13928bd8a9e895a3fa382	p000029	p000030	p000027	{}
p000030	p	6045	6109	00bfafe372ad0e25c50f7aacea9c4379a3125b01c0a40e4c54617c2becd399a4	ced2e2c1fd2ee6d8794477bfcbd0834ac5ec25ba3f2ece97fc25024ab2175303	371bd5c39756acba99e3104203d08f68f4719afe678ab7289f3da316d9d8d78f	s000043	s000044	p000027	{}
s000044	s	6045	6065	3a1da34de50f7b6b332e9d46819830c0e3922834e86c1aac6d035e2bf5298206	ced2e2c1fd2ee6d8794477bfcbd0834ac5ec25ba3f2ece97fc25024ab2175303	fb3abb454aca237ba43bc2242ed95e860fb0194765acdae615eb31846fcc63b9	p000030	s000045	p000027	{}
s000045	s	6066	6109	c4fe6a0b5d22e53afb095551cab76404780ccf0d31c5efdec9e2759d9a804990	bc07dd83ff096b8875ef1ae85f6da15fdfbc925e9b5561c5e7c8c0f12b5e46c0	371bd5c39756acba99e3104203d08f68f4719afe678ab7289f3da316d9d8d78f	s000044	p000031	p000027	{}
p000031	p	6110	6531	3bd444c7201b713a7c9f1aca36d4e743f043e45319e8dfa863b2129682adc757	e70230dbed78706c0db4cf0d955e37b3f5202cf30c9215bc959698fe383f394b	429de755740bcaf509a4424630e5d1ce30af3606bcf4652b029fe934194fb2c6	s000045	s000046	p000027	{}
s000046	s	6110	6150	1410951f79a34c45c07e80837bc20ac75130cc7c17a2d7e85a6aa9ce9769c753	e70230dbed78706c0db4cf0d955e37b3f5202cf30c9215bc959698fe383f394b	feabcb2ee2d02b5cb4991045f9fb5e7291fd41f05f467e37b195497803f13a2b	p000031	s000047	p000027	{}
s000047	s	6151	6531	251c14efa3acc5e9f4407dd87ee9c60950b8069b709571c34eec800a670afc7e	8c4df435c9cf924661225aacddeb67e6c5232ac2d9b21b8e2491904721ad437e	429de755740bcaf509a4424630e5d1ce30af3606bcf4652b029fe934194fb2c6	s000046	p000032	p000027	{}
p000032	p	6532	6850	9cd126d8c5fce21bceb98de3bfd01fc673f0dfc34b68fd62b199c0a6990dfead	4e6747acab8919cde9b1372b4e78f708c7eee7513952635f613492eb2fd5eff1	63fe373638d99d58e1932b2b99817a01178843c311e3c680b19d2d1ab6bace6f	s000047	s000048	p000027	{}
s000048	s	6532	6565	9b13a12bcbf754b66a64f2e873a339fec9e39c71d58b481d5f94453bbb9631bd	4e6747acab8919cde9b1372b4e78f708c7eee7513952635f613492eb2fd5eff1	49b2408e78bf3b4e00a19f1988459466be5ecd54c35c557d4b3f7955ab0329c4	p000032	s000049	p000027	{}
s000049	s	6566	6850	ede2f33ccb1249fecd5ce47df70f8f96fb828ddce39ff4544da35670feedf91b	ac0f36a43d1d36b0d210bb84ba1f4cad8021cdcba7b7e4a9efcdb4291df463e5	63fe373638d99d58e1932b2b99817a01178843c311e3c680b19d2d1ab6bace6f	s000048	p000033	p000027	{}
p000033	h	6851	6860	3a531180adc130945a88cb0281f5619facd6cdb5ee726762a417d350307823e7	568c82a33115809d4de0b916db1687521195c947f3e6c3f62e604da7054a7d5c	27ae7781e56d2559c0a90fc7eab09556f0ad7d3167be0c93212cdf9cdd310a74	s000049	s000050		{}
s000050	s	6851	6860	3a531180adc130945a88cb0281f5619facd6cdb5ee726762a417d350307823e7	568c82a33115809d4de0b916db1687521195c947f3e6c3f62e604da7054a7d5c	27ae7781e56d2559c0a90fc7eab09556f0ad7d3167be0c93212cdf9cdd310a74	p000033	p000034	p000033	{}
p000034	p	6861	6874	5cb0b42660589925c804543d433ba0764dab859487e5a9ed855481dcbfec1f06	5af235f085abba58ad99de8a732a1665f8a07863282ed304fad18a3d5f0dc5a3	fef4a58ec674728baacf042badb6ae342449cd50c3dd7e5582d1440d9b18ea3b	s000050	s000051	p000033	{}
s000051	s	6861	6874	5cb0b42660589925c804543d433ba0764dab859487e5a9ed855481dcbfec1f06	5af235f085abba58ad99de8a732a1665f8a07863282ed304fad18a3d5f0dc5a3	fef4a58ec674728baacf042badb6ae342449cd50c3dd7e5582d1440d9b18ea3b	p000034	p000035	p000033	{}
p000035	h	6875	7252	f0b4ac54d2e34388ac44e152652f3ce24636ac84b3083bb13f7e7b56fdb9e023	8ec28aedf88f921169510e23ecd7a7bc77042fd7341464c1cc45ead60744ddd2	abcefa60c4114e2b46c01266e53077370df03342de0fa9d05e0311407b3185f2	s000051	s000052		{}
s000052	s	6875	6936	111a8348cb5e309ba6f69d0aa23e5cb6ecae34f5392693415164f9c0418d797e	8ec28aedf88f921169510e23ecd7a7bc77042fd7341464c1cc45ead60744ddd2	9f758db7447c4a600645914221c431a1af95f4bc53b5a47e41c862ba3055075f	p000035	s000053	p000035	{}
s000053	s	6937	7252	d05bf582fa471029c916c8ffe509be0c443ed4aadacadd63872f3f677723f4f8	dc0dfa790486b642a8fcd57b74e7988bd501f756d22122b3762d0f8558676058	abcefa60c4114e2b46c01266e53077370df03342de0fa9d05e0311407b3185f2	s000052	p000036	p000035	{}
p000036	h	7253	7625	d6e5be267bbc5209ae3f4030a63d24f0b70ae383486525176b4f9aad20700a54	e2fdffa36ae232f870181f193c0999694d4b6e3734d99edeecc17f243c01ef3b	ea41d39f9e42bb63dc1f06fa5104611dade793e7b89e0e8ded393612342986c0	s000053	s000054		{}
s000054	s	7253	7294	fe21871dbd2e2032ccfd60111d1c665bd063460584ef9edc7515fec9f183cdb8	e2fdffa36ae232f870181f193c0999694d4b6e3734d99edeecc17f243c01ef3b	d9c4c1282e30fde8ffea5c78f50b0a3b5b5685c3e5d560d20541cf00d6d50215	p000036	s000055	p000036	{}
s000055	s	7295	7625	f89e7da709ca193054dd837552929a7f8919c7b19148e6a427da9ee26a5bca22	e89353b585fa6c50d7264c3cbd9654f69f5e50691a5f6326ef950439fec06feb	ea41d39f9e42bb63dc1f06fa5104611dade793e7b89e0e8ded393612342986c0	s000054	p000037	p000036	{}
p000037	p	7626	7670	d841accf290db6f03731259dc5e9a02b4f7872e393d1164c8bf30647bef31c9b	2c1c7acdf11b440143a990308266cc2a7cb787650a97f8911ae487843e6d101a	b992acf4939cc3e6ce7de43ab26610e6223135b4941dafda150b218e3ea7d619	s000055	s000056	p000036	{}
s000056	s	7626	7670	d841accf290db6f03731259dc5e9a02b4f7872e393d1164c8bf30647bef31c9b	2c1c7acdf11b440143a990308266cc2a7cb787650a97f8911ae487843e6d101a	b992acf4939cc3e6ce7de43ab26610e6223135b4941dafda150b218e3ea7d619	p000037	p000038	p000036	{}
p000038	p	7671	7770	c2966ae1c8fbc54c86a7a837427abd03e83ee178661c098834f36d955ca944e2	98a5fe4c81eee3096cf1483d9ddbabc36a8533ee17ba4b36efabbd140371460a	8eb68941d5f9fe1b2410c420ef044ffa3bb1193c360cae8330631dbb8a1e4dc5	s000056	s000057	p000036	{}
s000057	s	7671	7770	c2966ae1c8fbc54c86a7a837427abd03e83ee178661c098834f36d955ca944e2	98a5fe4c81eee3096cf1483d9ddbabc36a8533ee17ba4b36efabbd140371460a	8eb68941d5f9fe1b2410c420ef044ffa3bb1193c360cae8330631dbb8a1e4dc5	p000038	p000039	p000036	{}
p000039	h	7771	8515	676b3ce1e33816a175dab9eb4de4a1e90351ab30216bd18454fb920da264fc28	4851fd788ff66f45e7a875a03c3e3b94b30ccc9d0ac82f2fe91fe4ccc4ccbfa0	4045b67a89fd05029c44b4fc0e3be3683a7abf81fcc15c53816c209ffb8f1ab3	s000057	s000058		{}
s000058	s	7771	7808	1231d2656b55f887d1db49e5bd2f380eebcd9fcd5863c2925804db6a19f91252	4851fd788ff66f45e7a875a03c3e3b94b30ccc9d0ac82f2fe91fe4ccc4ccbfa0	338462a48ed7e6b814663672bccf9480f06032819725d0361afd6c42a7a986c4	p000039	s000059	p000039	{}
s000059	s	7809	8515	38a31cd95dcb2ec128979e05e3b9a20aad8ab0b55f2ac3aed05f97753f2117df	5875d8ae06bb93e4abe7e733244e8a35cd843b24ef0892b306dea47f8e0ea2e9	4045b67a89fd05029c44b4fc0e3be3683a7abf81fcc15c53816c209ffb8f1ab3	s000058	p000040	p000039	{}
p000040	h	8516	8813	553b77ab96a9b705dad5482357ac671cf4983a2fff2312173e735bc0f288dbc1	5084f8af8f4f76669d8a626910ec77dfa691bd68960d099eabe458f0ec8081d8	052a617e810b8b1ab3aa55841c67a4c39ef057afa2f8be7b89de62e7a97e046b	s000059	s000060		{}
s000060	s	8516	8547	ab28600f864abcc31068ff12ce2da27a88de1508702ae67f5486b6a1dbe21d5c	5084f8af8f4f76669d8a626910ec77dfa691bd68960d099eabe458f0ec8081d8	60291c707faba7820594e89da772bd5ddc6d03b90fc2137abd1d88b0f0c90530	p000040	s000061	p000040	{}
s000061	s	8548	8813	b4ca74e63689a3e66813678e1e41c95e2e65c2649c3f25e162fb22c87ef72e33	e5a06005ad12e9d7ad646e2e7f267201d003b93c3b28a38ebc2c05c4fb9bbd06	052a617e810b8b1ab3aa55841c67a4c39ef057afa2f8be7b89de62e7a97e046b	s000060	p000041	p000040	{}
p000041	h	8814	9000	168ce1609fa953fa2fbfac8fd8e3226446433ad6406d19e72d9b655ddd598697	989afbb32f22d79f2e364d9c6876b208e1154357079bf1135c5b0b31ef325c03	dddb4987b2a2b1f6632aa94fd3f4de6fcbce1c3870e066767409b920648fc390	s000061	s000062		{}
s000062	s	8814	8847	35521869d3d9656ae0e291b3c46a3931e6f23adc457bedadf93a37afdbff15c3	989afbb32f22d79f2e364d9c6876b208e1154357079bf1135c5b0b31ef325c03	9012c6b2196145b55c035506ed11eb994fcfd973f7bf22ddb467219f660705d1	p000041	s000063	p000041	{}
s000063	s	8848	9000	3fbeb7a6d714d90af5350486c22189b1af40a388b4e596e9fa117b453ddc80b8	d90ff33b1409a1df449251c631fec1fcd1518402b63becb4edc3e7ac2674dc3d	dddb4987b2a2b1f6632aa94fd3f4de6fcbce1c3870e066767409b920648fc390	s000062	p000042	p000041	{}
p000042	h	9001	9308	50129421cb0a1df1861aa70945e357bebd9040afa861c25433c533c2c54ab8ec	9f6500486e7146e7f484a8e5a63ee85b1b8b66277583100b9cf89bc62ba90fb7	4283f9652a21a03aef87f725b2a5582500bd247d244ce5d80a72f55848b93ef6	s000063	s000064		{}
s000064	s	9001	9042	62c46ba0f38fbc7d7ad8460021c342891eb9d076bcfd87274fc7f2c09ca95619	9f6500486e7146e7f484a8e5a63ee85b1b8b66277583100b9cf89bc62ba90fb7	b3eb58b3b7da29badd57894958b513d1b7db4ea39b7a659ebda4559292fce262	p000042	s000065	p000042	{}
s000065	s	9043	9308	588f47f4a135d65d617ae7a30ec69ef76d028d02e6d93a49a86bdde1d1734f0f	1e8797b73053f40c9437692ff298c231806a0a1262513921ccba3d41b106bb88	4283f9652a21a03aef87f725b2a5582500bd247d244ce5d80a72f55848b93ef6	s000064	p000043	p000042	{}
p000043	h	9309	11303	1c2eba29311b808c49a7e9de3cf0d249c33f73f93ee9350613fb21a4b7981ed0	eee8683cdc905c616338215f044077e12274931f6153d0aa8cb708d9469e233a	a2b632a224995fb48b8522d45e4b1bc9ab5b41d69c6db58c4ececff3c1c00ebf	s000065	s000066		{}
s000066	s	9309	9340	84f2883e3bee496b140d68f8182671fe74b23c2da4457f6562cfd6686bbcf794	eee8683cdc905c616338215f044077e12274931f6153d0aa8cb708d9469e233a	2da30074c0a8615fd18e39e346db207e8bf2205aa7b986d4e78a9c56ba3451f3	p000043	s000067	p000043	{}
s000067	s	9341	9564	6f4e30a47f356bf5c66999f8bb62667c18b8c89bea5febf4f304922278c5d1f5	2de2f45b38122a80c2a932db7032f8b6b573e7d98c1858b083543a1de616eb82	80ddb7033bf0a0f495e71cfaad4e45860f6ca249c6b5eb67676a22ee0170b938	s000066	s000068	p000043	{}
s000068	s	9565	9719	6ef2cc0ed99fe6d8cf9ec6977f28bc8b6ab0f1d39f8ab5a12da242bd33859a93	d422db699958aa133bc6dcb7137a3e9fc8e1da0157bc3f7c901ef848fd1225bc	beaa98cee1e6a5a3b84937dcd94dc4bd8c0a0f69993052cf3948f2c08aea291b	s000067	s000069	p000043	{}
s000069	s	9719	9854	6c917d04019ddf0f018e0c6215ea677416d7ef916e74c055c1a291b5c8aff69a	e585f2434bcefcde44f79b820e336d1274802c70f277617cec2503f2572d3602	f870f5f4f6316e21fba4769f8d0050a24c3dd94f4ef76446dcb54d4ff22f25f9	s000068	s000070	p000043	{}
s000070	s	9855	10856	8c1a03cf57548ed46dbc73d3fbb41d0815a7c2963e80e1ae11e9cf896abfbb11	5b85c802834d17e6cf7979c2ec8913e38c8ca1cc0bf5935b0190ee3f8cfaf46b	43c0872829091ebab3c1d8646d19b29b5f3968d4bd34d72899693dfc118580a1	s000069	s000071	p000043	{}
s000071	s	10857	11108	a8006b2e3e3bf184334cd62bd70f339e2351c064a99cf67659b1ef0a5485ae07	1aae879e81120026d320480eb8c4d6b82e9b3bf5d72ad90ca1b8cd0ce038932e	a5dbc9e09e97196361b022f03681a3c185c288b2eb3e4ab97f0fb3d1ac8fa32f	s000070	s000072	p000043	{}
s000072	s	11109	11303	c56d3c55cd4db2c695658fc09f49eb6ef9504884108a5828e100fb2d9d84cea9	eca699a18e5736b41fe72e104fb12f03e5215138e7d58e7dc6c545f30201ca02	a2b632a224995fb48b8522d45e4b1bc9ab5b41d69c6db58c4ececff3c1c00ebf	s000071	p000044	p000043	{}
p000044	p	11304	11348	789d5eac9bdd085ffd976ccd4f7597f1ecb2f69fd7ea85ade5e9454a85748130	a58f66097778635a8639f958577f84bd7f65c45fab8d94371fab98b05a0dbc4d	f977e5ba72d03c64d44c13a37d1974c1e8f71a02964039eafea5af5dc6d26c94	s000072	s000073	p000043	{}
s000073	s	11304	11348	789d5eac9bdd085ffd976ccd4f7597f1ecb2f69fd7ea85ade5e9454a85748130	a58f66097778635a8639f958577f84bd7f65c45fab8d94371fab98b05a0dbc4d	f977e5ba72d03c64d44c13a37d1974c1e8f71a02964039eafea5af5dc6d26c94	p000044	p000045	p000043	{}
p000045	p	11349	12507	672c48a1c2390cad9a3d402b0b8d823c690f5e6af9659a61cb6a52a17d1ae98a	e1c6c962f6a6d59dc177a777d479b99f1f159afa0951a1750325cad2fa897570	88ff58fcce61487ed5bf58a3a86bf768fb8155d8c7e71f46db88ad2fc3af9243	s000073	s000074	p000043	{}
s000074	s	11349	11414	db81d9116e8f0c8d39b1c6181167ec528343c21e2ecd6e334159fdd5bf338fe8	e1c6c962f6a6d59dc177a777d479b99f1f159afa0951a1750325cad2fa897570	3b2ad80d8bc6ec288d80c8850245e62fd417b247826b4ae718bb3603b513ab72	p000045	s000075	p000043	{}
s000075	s	11415	12141	2edd4ad9196bec30d7a0f94bca04e539174c181c342e2abc87a2f05e3e2a1aba	9a1e99540abc7b68e7ba433c6e11362ef99b0d2025ff6edb4c1523f4821243ef	f9cb0cf855b2a61559cf083eb0d856ff5cc783a0766e87b3e2229c3df6de6a08	s000074	s000076	p000043	{}
s000076	s	12142	12507	46c108858d737c30454044e5cd50d782dbe33fa88a7ec3b9578ac96d9030e7d1	cd71a701636b814f00d76345dae5d694b651370bb6b954afc1c6e789511ca314	88ff58fcce61487ed5bf58a3a86bf768fb8155d8c7e71f46db88ad2fc3af9243	s000075	p000046	p000043	{}
p000046	h	12508	12683	7042afbd68db1be971d3dd4c29a659792213b627f58a14d2fe97832abb4d65f0	226d3015a26c7c058fa0ab0cf07422d88ee0d56574add16d6d901c9180923d38	46776502073284d09c035c39c60381ba2acca7f2030090d81fef6a32fd74bd75	s000076	s000077		{}
s000077	s	12508	12535	b22a07e1e45d3bbae58a6db2debfad16fcb1be1e0fda9c5c7d9bf521005cdccb	226d3015a26c7c058fa0ab0cf07422d88ee0d56574add16d6d901c9180923d38	b43ca99a0efe38ac0b8b045f3e668675d1f1275cb807bc6d42489acc8e87599e	p000046	s000078	p000046	{}
s000078	s	12536	12683	2cd2e28b0dd68df0ea1c6e2f78eb7bba7c1a6abb8b266f5cd9b121f6d88bda85	f10be7cb23bbb27f5bc9a51ca5fdd34036534504c346cba18f32f87277790cd7	46776502073284d09c035c39c60381ba2acca7f2030090d81fef6a32fd74bd75	s000077	p000047	p000046	{}
p000047	h	12684	13113	9d2a312c7c802191954bd857218b3de10f993dabb1593a45df67ce5dabf0c9cf	791e4b2e962cff7a4c48d83aa82bf0cbbf5c2bf857c572584a6686ca823d50dd	0f92e4f3dbf3d10355526ebf2e7fc63fa4bf4aebad8b758eea898c8716f27f8f	s000078	s000079		{}
s000079	s	12684	12719	5413c8b6b79af66a277f4d0b136fac2c3c172f4943ebe457619428eeebc586d6	791e4b2e962cff7a4c48d83aa82bf0cbbf5c2bf857c572584a6686ca823d50dd	d9cd0e49e16a7b498dbfade44f16e637a51293c65804aaaf4e93d08180222096	p000047	s000080	p000047	{}
s000080	s	12720	13048	f55c6ee18aa8a59da0ea4b0c7e601ddce25027096db07a45a288bdcc7ed07c83	0e7ec571c774a73f20c2fdb93f102171413fda2077a07e7765eab112271052f0	e9db5163e305cb5937c9ece0cd0e1ef21b88bb5d8317e1841597cb92ee003b43	s000079	s000081	p000047	{}
s000081	s	13049	13113	14acce607fe31d01748d00eeec6dca55d408170e0da25e00c2766a1e5f30f894	1c66e219265abd5490b8d140777ab49b2bb338667c6c1fab71a997e3f96b9ada	0f92e4f3dbf3d10355526ebf2e7fc63fa4bf4aebad8b758eea898c8716f27f8f	s000080	p000048	p000047	{}
p000048	p	13114	13140	e0f316177c303c67714989fb98e968c6bb30cc227a84b900f956f2ccb6250872	7d97a5cc3a4937847fc212f489cfc8a84b750ae99dfb23485fbe8b5d26212dd2	8aa7d3ef1e94f0656b90239d1f14be9e552911f56837ac7fbc6a5e52c620e6a2	s000081	s000082	p000047	{}
s000082	s	13114	13140	e0f316177c303c67714989fb98e968c6bb30cc227a84b900f956f2ccb6250872	7d97a5cc3a4937847fc212f489cfc8a84b750ae99dfb23485fbe8b5d26212dd2	8aa7d3ef1e94f0656b90239d1f14be9e552911f56837ac7fbc6a5e52c620e6a2	p000048	p000049	p000047	{}
p000049	p	13141	13185	7f83c1d378aa6a907ea2b2e4cefd4fa3a7b2f070fe2b5c9c49d6c9676cc66a02	03ef7634d5dc137c668d721791d0768ac724e2acc7fc0a739351241c3911f94e	7dc6b227cf7c0753a87bfe8ae657c8af46401c677e9f400a4ca2f0935f688a7c	s000082	s000083	p000047	{}
s000083	s	13141	13185	7f83c1d378aa6a907ea2b2e4cefd4fa3a7b2f070fe2b5c9c49d6c9676cc66a02	03ef7634d5dc137c668d721791d0768ac724e2acc7fc0a739351241c3911f94e	7dc6b227cf7c0753a87bfe8ae657c8af46401c677e9f400a4ca2f0935f688a7c	p000049	p000050	p000047	{}
p000050	p	13186	13230	14e3d2886f5759a0eeae30e425a4db427da508eabbdb02d51b8d81643769660c	d0d928f7b90a81e2cbcc85da9e557e1aabd08ded89cce880f31b9b9a082ab791	c3214f0b2996e2da4865a0815a2413a239dba42585038d351c0394e1cc05dd18	s000083	s000084	p000047	{}
s000084	s	13186	13230	14e3d2886f5759a0eeae30e425a4db427da508eabbdb02d51b8d81643769660c	d0d928f7b90a81e2cbcc85da9e557e1aabd08ded89cce880f31b9b9a082ab791	c3214f0b2996e2da4865a0815a2413a239dba42585038d351c0394e1cc05dd18	p000050	p000051	p000047	{}
p000051	p	13231	13419	d46085fc449aedf9cbb450a5655ab7485e0be8ca37ae195a50ca6c47840df435	62aefb183673a27c5865f81a4340ac47fcd374c0e204ed7cf596f3dd6e65eee6	a8c333b1fc4d315180b6938ace521a6cfc1d0736379dd34b9e0b3f48e67289f1	s000084	s000085	p000047	{}
s000085	s	13231	13419	d46085fc449aedf9cbb450a5655ab7485e0be8ca37ae195a50ca6c47840df435	62aefb183673a27c5865f81a4340ac47fcd374c0e204ed7cf596f3dd6e65eee6	a8c333b1fc4d315180b6938ace521a6cfc1d0736379dd34b9e0b3f48e67289f1	p000051	p000052	p000047	{}
p000052	p	13420	13578	359a83201239c560f00f2a583b5a6589525ead76dafc089fd4c76df38f24e3da	a0ed37c52c3bf123ec2c1a2d4e0e05cd3c0263e733d3bb8e585b7dfbaf3b7604	1b571d74b35e1fb835bd48680a64287464299eb19dabac311e4b4ece052f34d2	s000085	s000086	p000047	{}
s000086	s	13420	13578	359a83201239c560f00f2a583b5a6589525ead76dafc089fd4c76df38f24e3da	a0ed37c52c3bf123ec2c1a2d4e0e05cd3c0263e733d3bb8e585b7dfbaf3b7604	1b571d74b35e1fb835bd48680a64287464299eb19dabac311e4b4ece052f34d2	p000052	p000053	p000047	{}
p000053	p	13579	13630	384026b62517bd1b8b8fb9e4c020a74883c4f1a2865ded43800e0a72743bcffd	88784e41beda7b269ede3ec76be94b8b96cff6ed3d2031da513091ecb3344861	e3b0c44298fc1c149afbf4c8996fb92427ae41e4649b934ca495991b7852b855	s000086	s000087	p000047	{}
s000087	s	13579	13630	384026b62517bd1b8b8fb9e4c020a74883c4f1a2865ded43800e0a72743bcffd	88784e41beda7b269ede3ec76be94b8b96cff6ed3d2031da513091ecb3344861	e3b0c44298fc1c149afbf4c8996fb92427ae41e4649b934ca495991b7852b855	p000053		p000047	{}
